{"nationalflags":[
{"name":"Ghana","shortname":"GHA","code":"288","flag":"ghana.png","korname":"가나"}
,{"name":"Gabon","shortname":"GAB","code":"266","flag":"gabon.png","korname":"가봉"}
,{"name":"Guyana","shortname":"GUY","code":"328","flag":"guyana.png","korname":"가이아나"}
,{"name":"Gambia","shortname":"GMB","code":"270","flag":"gambia.png","korname":"감비아"}
,{"name":"Guernsey","shortname":"GGY","code":"831","flag":"guernsey.png","korname":"건지 섬"}
,{"name":"France","shortname":"GLP","code":"312","flag":"france.png","korname":"과들루프"}
,{"name":"Guatemala","shortname":"GTM","code":"320","flag":"guatemala.png","korname":"과테말라"}
,{"name":"Guam","shortname":"GUM","code":"316","flag":"guam.png","korname":"괌"}
,{"name":"Grenada","shortname":"GRD","code":"308","flag":"grenada.png","korname":"그레나다"}
,{"name":"Greece","shortname":"GRC","code":"300","flag":"greece.png","korname":"그리스"}
,{"name":"Greenland","shortname":"GRL","code":"304","flag":"greenland.png","korname":"그린란드"}
,{"name":"Guinea","shortname":"GIN","code":"324","flag":"guinea.png","korname":"기니"}
,{"name":"Guinea-Bissau","shortname":"GNB","code":"624","flag":"guinea_m_bissau.png","korname":"기니비사우"}
,{"name":"Namibia","shortname":"NAM","code":"516","flag":"namibia.png","korname":"나미비아"}
,{"name":"Nauru","shortname":"NRU","code":"520","flag":"nauru.png","korname":"나우루"}
,{"name":"Nigeria","shortname":"NGA","code":"566","flag":"nigeria.png","korname":"나이지리아"}
,{"name":"Antarctica","shortname":"ATA","code":"010","flag":"antarctica.png","korname":"남극"}
,{"name":"South Sudan","shortname":"SSD","code":"728","flag":"south_sudan.png","korname":"남수단"}
,{"name":"South Africa","shortname":"ZAF","code":"710","flag":"south_africa.png","korname":"남아프리카 공화국"}
,{"name":"Netherlands","shortname":"NLD","code":"528","flag":"netherlands.png","korname":"네덜란드"}
,{"name":"Netherlands Antilles (1986-2010)","shortname":"ANT","code":"530","flag":"netherlands_antilles__l_1986_m_2010_r_.png","korname":"네덜란드령 안틸레스"}
,{"name":"Nepal","shortname":"NPL","code":"524","flag":"nepal.png","korname":"네팔"}
,{"name":"Norway","shortname":"NOR","code":"578","flag":"norway.png","korname":"노르웨이"}
,{"name":"Norfolk Island","shortname":"NFK","code":"574","flag":"norfolk_island.png","korname":"노퍽 섬"}
,{"name":"France","shortname":"NCL","code":"540","flag":"france.png","korname":"누벨칼레도니"}
,{"name":"New Zealand","shortname":"NZL","code":"554","flag":"new_zealand.png","korname":"뉴질랜드"}
,{"name":"Niue","shortname":"NIU","code":"570","flag":"niue.png","korname":"니우에"}
,{"name":"Niger","shortname":"NER","code":"562","flag":"niger.png","korname":"니제르"}
,{"name":"Nicaragua","shortname":"NIC","code":"558","flag":"nicaragua.png","korname":"니카라과"}
,{"name":"South Korea","shortname":"KOR","code":"410","flag":"south_korea.png","korname":"대한민국"}
]
}
